{"stats":{"minecraft:dropped":{"minecraft:hopper":1,"minecraft:redstone_block":1},"minecraft:used":{"minecraft:redstone_torch":11,"minecraft:glass":33,"minecraft:sticky_piston":4,"minecraft:trident":14,"minecraft:purple_concrete":7,"minecraft:repeater":16,"minecraft:redstone_lamp":13,"minecraft:light_blue_concrete":6,"minecraft:red_concrete":1,"minecraft:iron_block":26,"minecraft:redstone":56,"minecraft:birch_sign":76,"minecraft:white_stained_glass":9,"minecraft:white_concrete":1,"minecraft:redstone_block":41,"minecraft:blue_concrete":2,"minecraft:diamond_axe":4},"minecraft:picked_up":{"minecraft:redstone_block":1},"minecraft:custom":{"minecraft:time_since_rest":96987,"minecraft:crouch_one_cm":930,"minecraft:play_one_minute":189697,"minecraft:deaths":2,"minecraft:damage_taken":240,"minecraft:sprint_one_cm":8751,"minecraft:walk_one_cm":37262,"minecraft:sneak_time":2672,"minecraft:walk_under_water_one_cm":3934,"minecraft:drop":2,"minecraft:aviate_one_cm":371857,"minecraft:jump":70,"minecraft:damage_dealt":476,"minecraft:leave_game":5,"minecraft:walk_on_water_one_cm":16991,"minecraft:time_since_death":96955,"minecraft:fall_one_cm":300,"minecraft:fly_one_cm":639676,"minecraft:player_kills":2}},"DataVersion":2230}