{"stats":{"minecraft:killed_by":{"minecraft:player":2},"minecraft:dropped":{"minecraft:slime_block":1},"minecraft:custom":{"minecraft:time_since_rest":155572,"minecraft:crouch_one_cm":5117,"minecraft:play_one_minute":226567,"minecraft:deaths":2,"minecraft:sprint_one_cm":61186,"minecraft:damage_taken":570,"minecraft:walk_one_cm":82868,"minecraft:sneak_time":8484,"minecraft:drop":1,"minecraft:jump":580,"minecraft:leave_game":9,"minecraft:walk_on_water_one_cm":3021,"minecraft:time_since_death":155533,"minecraft:fly_one_cm":1310362},"minecraft:used":{"minecraft:redstone_torch":56,"minecraft:glass":40,"minecraft:sticky_piston":13,"minecraft:pink_concrete":15,"minecraft:tripwire_hook":24,"minecraft:repeater":35,"minecraft:redstone_lamp":4,"minecraft:bow":6,"minecraft:light_blue_concrete":4,"minecraft:command_block":1,"minecraft:iron_block":225,"minecraft:string":47,"minecraft:slime_block":4,"minecraft:redstone":91,"minecraft:birch_sign":48,"minecraft:yellow_concrete":25,"minecraft:stone_button":1,"minecraft:note_block":1,"minecraft:white_concrete":51,"minecraft:redstone_block":13,"minecraft:blue_concrete":19},"minecraft:picked_up":{"minecraft:tripwire_hook":2}},"DataVersion":2230}